AccountId,FirstName,LastName,Email,Mobile
,Jackson,Howard,jackson.howard0@example.com,9195553643
,Benjamin,Mitchell,benjamin.mitchell1@example.com,9195556842
,Layla,Price,layla.price2@example.com,9195552649
,Charlotte,Mitchell,charlotte.mitchell3@example.com,9195558650
,Joshua,Long,joshua.long4@example.com,9195553713
,Joshua,Reed,joshua.reed5@example.com,9195554959
,Evelyn,Long,evelyn.long6@example.com,9195554476
,Abigail,Gray,abigail.gray7@example.com,9195554824
,Liam,Edwards,liam.edwards8@example.com,9195552830
,Jackson,Phillips,jackson.phillips9@example.com,9195552565
,Benjamin,Phillips,benjamin.phillips10@example.com,9195551442
,Ryan,Parker,ryan.parker11@example.com,9195556224
,James,Morgan,james.morgan12@example.com,9195553688
,Matthew,Wood,matthew.wood13@example.com,9195556185
,Zoey,Mitchell,zoey.mitchell14@example.com,9195556403
,Isabella,Phillips,isabella.phillips15@example.com,9195557941
,Nora,Hayes,nora.hayes16@example.com,9195552620
,Ethan,Turner,ethan.turner17@example.com,9195558189
,Mia,Ramirez,mia.ramirez18@example.com,9195556692
,Ella,Collins,ella.collins19@example.com,9195555526
,Michael,Scott,michael.scott20@example.com,9195559091
,Ellie,Price,ellie.price21@example.com,9195553378
,Isabella,Peterson,isabella.peterson22@example.com,9195554208
,Emily,Russell,emily.russell23@example.com,9195559381
,James,Ward,james.ward24@example.com,9195554227
,Victoria,Reed,victoria.reed25@example.com,9195552295
,Joshua,Cooper,joshua.cooper26@example.com,9195552737
,Noah,Edwards,noah.edwards27@example.com,9195559006
,Wyatt,Cooper,wyatt.cooper28@example.com,9195556898
,Samuel,Sanchez,samuel.sanchez29@example.com,9195552845
,Matthew,Cooper,matthew.cooper30@example.com,9195552588
,Jackson,Cooper,jackson.cooper31@example.com,9195557438
,Lily,Wood,lily.wood32@example.com,9195551619
,Lily,Stewart,lily.stewart33@example.com,9195556953
,Lily,Bailey,lily.bailey34@example.com,9195554201
,Emily,Long,emily.long35@example.com,9195559400
,Joseph,Phillips,joseph.phillips36@example.com,9195551860
,Daniel,Cox,daniel.cox37@example.com,9195558121
,Aria,Baker,aria.baker38@example.com,9195558398
,Benjamin,Morris,benjamin.morris39@example.com,9195556899
,Scarlett,Cooper,scarlett.cooper40@example.com,9195553305
,Grace,Hill,grace.hill41@example.com,9195554676
,Lily,Carter,lily.carter42@example.com,9195551994
,Zoey,Foster,zoey.foster43@example.com,9195556199
,Logan,Rogers,logan.rogers44@example.com,9195551299
,Samuel,Parker,samuel.parker45@example.com,9195556693
,Matthew,Scott,matthew.scott46@example.com,9195559983
,Sebastian,Rivera,sebastian.rivera47@example.com,9195551489
,Alexander,Ward,alexander.ward48@example.com,9195552898
,Liam,Cooper,liam.cooper49@example.com,9195553883
,Emily,Cook,emily.cook50@example.com,9195551683
,Charlotte,Adams,charlotte.adams51@example.com,9195551977
,Sebastian,Roberts,sebastian.roberts52@example.com,9195552693
,Benjamin,Watson,benjamin.watson53@example.com,9195555194
,Hannah,Peterson,hannah.peterson54@example.com,9195559289
,Samuel,James,samuel.james55@example.com,9195553572
,Amelia,Carter,amelia.carter56@example.com,9195555235
,Grace,Torres,grace.torres57@example.com,9195558826
,Christopher,Rivera,christopher.rivera58@example.com,9195559793
,Lily,Ward,lily.ward59@example.com,9195552193
,Logan,Cook,logan.cook60@example.com,9195558416
,Abigail,Ward,abigail.ward61@example.com,9195558046
,Daniel,Bell,daniel.bell62@example.com,9195554958
,David,Cook,david.cook63@example.com,9195559949
,David,Sanchez,david.sanchez64@example.com,9195559278
,Emily,Bell,emily.bell65@example.com,9195557517
,Wyatt,Edwards,wyatt.edwards66@example.com,9195558141
,Andrew,Rivera,andrew.rivera67@example.com,9195555093
,James,Morgan,james.morgan68@example.com,9195554458
,Alexander,Price,alexander.price69@example.com,9195556603
,Owen,James,owen.james70@example.com,9195553206
,Harper,Rogers,harper.rogers71@example.com,9195559297
,Ethan,Scott,ethan.scott72@example.com,9195555633
,Ella,Stewart,ella.stewart73@example.com,9195551990
,Olivia,Stewart,olivia.stewart74@example.com,9195556278
,Victoria,Turner,victoria.turner75@example.com,9195557722
,Sebastian,Scott,sebastian.scott76@example.com,9195559385
,Samuel,Russell,samuel.russell77@example.com,9195554220
,Ryan,Foster,ryan.foster78@example.com,9195555760
,James,Phillips,james.phillips79@example.com,9195558146
,Logan,Scott,logan.scott80@example.com,9195557933
,Aubrey,Watson,aubrey.watson81@example.com,9195554707
,Hannah,Price,hannah.price82@example.com,9195554559
,Samuel,James,samuel.james83@example.com,9195559612
,Scarlett,Long,scarlett.long84@example.com,9195555597
,Aiden,Edwards,aiden.edwards85@example.com,9195559860
,Lucas,Sanchez,lucas.sanchez86@example.com,9195555856
,Wyatt,Green,wyatt.green87@example.com,9195559679
,Charlotte,Rogers,charlotte.rogers88@example.com,9195558053
,Alexander,Watson,alexander.watson89@example.com,9195555698
,Charlotte,Morgan,charlotte.morgan90@example.com,9195555728
,Mia,Morgan,mia.morgan91@example.com,9195558094
,Layla,James,layla.james92@example.com,9195554821
,Samuel,Gray,samuel.gray93@example.com,9195554403
,Owen,Cooper,owen.cooper94@example.com,9195555784
,Emily,Long,emily.long95@example.com,9195553174
,Lucas,Mitchell,lucas.mitchell96@example.com,9195556733
,Aubrey,Phillips,aubrey.phillips97@example.com,9195558688
,Wyatt,Roberts,wyatt.roberts98@example.com,9195554917
,Daniel,Roberts,daniel.roberts99@example.com,9195555476